<vxml version="2.1" xmlns="http://www.w3.org/2001/06/vxml" xml:lang="es-es">
    <menu>
        <prompt xml:lang="es-es">¿En qué idioma desea continuar? </prompt>
        <prompt xml:lang="en-us"> In which language would you like to continue?</prompt>
        <prompt xml:lang="fr-fr">Dans quelle langue souhaitez-vous continuer?</prompt>
        <choice next="es_PlanEstudios.xml">
            Espanol </choice>
        <choice next="en_StudiesGuide.xml">
            English </choice>
        <choice next="fr_PlanEtudes.xml">
            Francais </choice>
    </menu>
</vxml>