<!--##### Informacion sobre las asignaturas de Telecomunicaciones #####-->
<if cond="grado=='ingenieria en telecomunicaciones'">  
  <!-- Ingenieria en Telecomunicaciones - Primer curso -->
  <if cond="curso=='primer'">
    <if cond="cuatrimestre=='primer'">
      <if cond="mencion=='No'">
        <prompt>
          Analisis Matematico
          Analisis de Circuitos
          Fundamentos de Informatica
          Ingenieria, Empresa y Sociedad
          algebra Lineal y Geometria
        </prompt>
      </if>
    </if>

    <if cond="cuatrimestre=='segundo'">
      <if cond="mencion=='No'">
        <prompt>
          Componentes y Circuitos Electronicos
          Ecuaciones Diferenciales y Calculo Numerico
          Estadistica y Optimizacion
          Fundamentos Fisicos de la Ingenieria
          Sistemas Lineales
        </prompt>
      </if>
    </if>
  </if>
  <!-- Ingenieria en Telecomunicaciones - Segundo curso -->
  <if cond="curso=='segundo'">
    <if cond="cuatrimestre=='primer'">
        <if cond="mencion=='No'">
        <prompt>
            Fundamentos de Programacion
            Sistemas Telematicos
            Teoria de la Comunicacion
            Transmision de Ondas
        </prompt>
        </if>
    </if>

    <if cond="cuatrimestre=='segundo'">
        <if cond="mencion=='No'">
        <prompt>
            Comunicaciones I
            Electronica Analogica
            Electronica Digital
            Infraestructuras y Redes de Comunicacion
            Señales Digitales
        </prompt>
        </if>
    </if>
</if>
<!-- Ingenieria en Telecomunicaciones - Tercer curso -->
<if cond="curso=='tercero'">
  <if cond="cuatrimestre=='primer'">
    <if cond="mencion=='No'">
      <prompt>
        Comunicaciones II
        Electronica de Potencia
        Sistemas Electronicos Digitales
        Sistemas de Conmutacion
        Transmision de Datos y Redes de Computadores
      </prompt>
    </if>
  </if>

  <if cond="cuatrimestre=='segundo'">
    <if cond="mencion=='st'">
      <prompt>
        Antenas y Propagacion
        Medios y Componentes opticos para Comunicaciones
        Sistemas de Codificacion y Almacenamiento
        Sistemas de Radiocomunicacion
        Tratamiento Digital de Señales
      </prompt>
    </if>
    <if cond="mencion=='se'">
      <prompt>
        Circuitos Electronicos para Radiofrecuencia
        Diseño de Circuitos y Sistemas Electronicos
        Electronica de Microondas
        Instrumentacion Electronica
        Sistemas de Alimentacion
      </prompt>
    </if>
    <if cond="mencion=='telematica'">
      <prompt>
        Complementos de Programacion
        Desarrollo de Aplicaciones en Red
        Gestion de Redes
        Redes Inalambricas y Movilidad
        Seguridad en Redes de Comunicacion
      </prompt>
    </if>
  </if>
</if>
<!-- Ingenieria en Telecomunicaciones - Cuarto curso -->
<if cond="curso=='cuarto'">
  <if cond="cuatrimestre=='primer'">
    <if cond="mencion=='st'">
      <prompt>
        Comunicaciones Inalambricas
        Comunicaciones opticas
        Television y Radio Digital
        Fundamentos de la Fotonica
        Laboratorio de Telematica
        Tecnologia de Circuitos Impresos
        Tecnologias del Habla
      </prompt>
    </if>
    <if cond="mencion=='se'">
      <prompt>
        Circuitos Integrados para Comunicaciones
        Equipos Electronicos
        Sistemas de Control
        Fundamentos de la Fotonica
        Laboratorio de Telematica
        Tecnologia de Circuitos Impresos
        Tecnologias del Habla
      </prompt>
    </if>
    <if cond="mencion=='telematica'">
      <prompt>
        Diseño y Dimensionado de Redes
        Redes Multimedia
        Redes de Acceso y Corporativas
        Fundamentos de la Fotonica
        Laboratorio de Telematica
        Tecnologia de Circuitos Impresos
        Tecnologias del Habla
      </prompt>
    </if>
  </if>
  <if cond="cuatrimestre=='segundo'">
    <if cond="mencion=='No'">
      <prompt>
        Arquitecturas Especializadas para Telecomunicaciones
        Complementos de Analisis Matematico
        Fisica Aplicada a las Telecomunicaciones
        Procesamiento de Video Digital
        Programacion de Sistemas Empotrados y de Tiempo Real
        Trabajo Fin de Grado
      </prompt>
    </if>
  </if>
</if>
</if>
