<vxml version="2.1" xmlns="http://www.w3.org/2001/06/vxml">

    <form id="study_plan">

        <link event="repeat"> <grammar src="en_Repetir.jsgf" /> </link>

        <block>
            <prompt> Welcome to the study plan inquiry system of the School of Computer Science and Telecommunications Engineering eeeee.</prompt>
        </block>

        <field name="degree">
            <grammar src="en_Carrera.jsgf" />
            <prompt>
                Which degree do you want to inquire about, Computer Engineering or Telecommunications Engineering?
            </prompt>
            <filled> Alright, we are going to inquire about the degree <value expr="degree" />
            </filled>
        </field>

        <field name="course">
            <grammar src="en_Curso.jsgf" />
            <prompt>
                Which course do you want to inquire about?
            </prompt>
            <filled> Alright, we are going to inquire about the course <value expr="course" />
                <if
                    cond="course == 'first'">
                    <assign name="specialization" expr="'No'" />
                </if>
                <if
                    cond="course == 'second'">
                    <assign name="specialization" expr="'No'" />
                </if>
	    <if
                cond="course == 'one'">
                <assign name="specialization" expr="'No'" />
            </if>
            <if cond="course=='two'">
                <assign name="specialization" expr="'No'" />
            </if>

            </filled>

            <catch event="repeat">
                <prompt> Sorry. Is <value expr="degree"/> the incorrect degree? Let's repeat it.</prompt>
                <clear namelist="degree"/>
                <goto nextitem="degree"/>

            </catch>
        </field>

        <field name="specialization">
            <grammar src="en_Menciones.jsgf" />
            <prompt>
                Which specialization do you want to inquire about?
            </prompt>
            <filled> Alright, we are going to inquire about the specialization <value expr="specialization" />
            </filled>

            <catch event="repeat">
                <prompt> Sorry. Is the course <value expr="course"/> incorrect? Let's repeat it.</prompt>
                <clear namelist="course"/>
                <goto nextitem="course"/>

            </catch>
        </field>

        <field name="semester">
            <grammar src="en_Cuatrimestre.jsgf" />
            <prompt>
                Which semester do you want to inquire about?
            </prompt>
            <filled> Alright, we are going to inquire about the semester <value expr="semester" />
            </filled>

            <catch event="repeat">

                <if cond="specialization == 'No'">
                    <prompt> Sorry. Is the course <value expr="course"/> incorrect? Let's repeat it.</prompt>
                    <clear namelist="course"/>
                    <clear namelist="specialization"/>
                    <goto nextitem="course"/>

                <else/>
                    <prompt> Sorry. Is <value expr="specialization"/> the incorrect specialization? Let's repeat it.</prompt>
                    <clear namelist="specialization"/>
                    <goto nextitem="specialization"/>
                </if>

            </catch>
        </field>

        <field name="confirm_data">
        <grammar src="en_mi_si_no.jsgf" />

            <catch event="repeat">
                <prompt> Sorry. Is the semester <value expr="semester"/> incorrect? Let's repeat it.</prompt>
                <clear namelist="semester"/>
                <goto nextitem="semester"/>

            </catch>

            <prompt cond="specialization == 'No'">Do you want to know the subjects of the degree in <value
                    expr="degree" />, in <value
                    expr="course" /> of the <value expr="semester" /> semester?</prompt>
            <prompt cond="specialization != 'No'">Do you want to know the subjects of the degree in <value
                    expr="degree" /> with specialization <value
                    expr="specialization" />, in <value expr="course" /> of the <value expr="semester" />
                semester?</prompt>

            <filled>
                <if cond="confirm_data=='yes'">
                    <!-- <prompt> EEE </prompt> -->
                    <if cond="semester=='one'">
                        <assign name="semester" value="'first'" />
                    </if>
                    <if cond="semester=='two'">
                        <assign name="semester" value="'second'" />
                    </if>
                    <if cond="course=='one'">
                        <assign name="course" value="'first'" />
                    </if>
                    <if cond="course=='two'">
                        <assign name="course" value="'second'" />
                    </if>
                    <if cond="course=='three'">
                        <assign name="course" value="'third'" />
                    </if>
                    <if cond="course=='four'">
                        <assign name="course" value="'fourth'" />
                    </if>
                    <if cond="specialization=='computation and intelligent systems'">
                        <assign name="specialization" value="'cis'" />
                    </if>
                    <if cond="specialization=='software engineering'">
                        <assign name="specialization" value="'se'" />
                    </if>
                    <if cond="specialization=='computation engineering'">
                        <assign name="specialization" value="'ce'" />
                    </if>
                    <if cond="specialization=='information systems'">
                        <assign name="specialization" value="'is'" />
                    </if>
                    <if cond="specialization=='information technologies'">
                        <assign name="specialization" value="'it'" />
                    </if>
                    <if cond="specialization=='electronic systems'">
                        <assign name="specialization" value="'es'" />
                    </if>
                    <if cond="specialization=='telecommunication systems'">
                        <assign name="specialization" value="'ts'" />
                    </if>
                    <if cond="degree=='computer engineering'">
                        <!-- Computer Science - First year -->
                        <if cond="course == 'first'">
                            <if cond="semester == 'first'">
                                <if cond="specialization == 'No'">
                                    <prompt>
                                        Calculus
                                        Physical and Technological Foundations
                                        Programming Fundamentals
                                        Software Fundamentals
                                        Linear Algebra and Mathematical Structures
                                    </prompt>
                                </if>
                            </if>
                            <if cond="semester == 'second'">
                                <if cond="specialization == 'No'">
                                    <prompt>
                                        Statistics
                                        Engineering, Business, and Society
                                        Logic and Discrete Methods
                                        Programming Methodology
                                        Computer Organization and Technology
                                    </prompt>
                                </if>
                            </if>
                        </if>

                        <!-- Computer Science - Second year -->
                        <if cond="course == 'second'">
                            <if cond="semester == 'first'">
                                <if cond="specialization == 'No'">
                                    <prompt>
                                        Computer Architecture
                                        Data Structures
                                        Object-Oriented Programming and Design
                                        Concurrent and Distributed Systems
                                        Operating Systems
                                    </prompt>
                                </if>
                            </if>
                            <if cond="semester == 'second'">
                                <if cond="specialization == 'No'">
                                    <prompt>
                                        Algorithmics
                                        Computer Architecture
                                        Fundamentals of Databases
                                        Software Engineering Fundamentals
                                        Artificial Intelligence
                                    </prompt>
                                </if>
                            </if>
                        </if>

                        <!-- Computer Science - Third year -->
                        <if cond="course == 'third'">
                            <if cond="semester == 'first'">
                                <if cond="specialization == 'No'">
                                    <prompt>
                                        Information Systems Design and Development
                                        Network Fundamentals
                                        Computer Graphics
                                        Server Engineering
                                        Models of Computation
                                    </prompt>
                                </if>
                            </if>
                            <if cond="semester == 'second'">
                                <if cond="specialization == 'cis'">
                                    <prompt>
                                        Machine Learning
                                        Knowledge Engineering
                                        Metaheuristics
                                        Advanced Computing Models
                                        Intelligent Systems Techniques
                                    </prompt>
                                </if>
                                <if cond="specialization == 'is'">
                                    <prompt>
                                        Database Administration
                                        Information Systems Engineering
                                        Web Programming
                                        Multidimensional Systems
                                        Business Information Systems
                                    </prompt>
                                </if>
                                <if cond="specialization == 'ce'">
                                    <prompt>
                                        Systems Architecture
                                        High-Performance Computing and Architecture
                                        Digital Hardware Development
                                        Electronic Systems Design
                                        Microprocessor Systems
                                    </prompt>
                                </if>
                                <if cond="specialization == 'it'">
                                    <prompt>
                                        Ubiquitous Computing and Ambient Intelligence
                                        High-Performance Web Servers
                                        Multimedia Systems
                                        Web Technologies
                                        Data Transmission and Computer Networks
                                    </prompt>
                                </if>
                                <if cond="specialization == 'se'">
                                    <prompt>
                                        Distributed Systems Development
                                        Software Development
                                        User Interface Design
                                        Graphics Systems
                                        Web-Based Information Systems
                                    </prompt>
                                </if>
                            </if>
                        </if>
                        <!-- Computer Science - Fourth year -->
                        <if cond="course == 'fourth'">
                            <if cond="semester == 'first'">
                                <if cond="specialization == 'cis'">
                                    <prompt>
                                        New Interaction Paradigms
                                        Language Processors
                                        Systems Simulation
                                        Information Theory and Coding
                                        Computer Vision
                                    </prompt>
                                </if>
                                <if cond="specialization == 'is'">
                                    <prompt>
                                        Distributed Databases
                                        Business Intelligence
                                        Information Retrieval
                                        Digital Resource Management
                                        Complex Networks and Systems
                                        Geographic Information Systems
                                    </prompt>
                                </if>
                                <if cond="specialization == 'ce'">
                                    <prompt>
                                        Data Centers
                                        Embedded Systems
                                        Network Technologies
                                        Industrial Informatics
                                        Emerging Technologies
                                    </prompt>
                                </if>
                                <if cond="specialization == 'it'">
                                    <prompt>
                                        Internet Applications Development
                                        Virtual Infrastructure
                                        Security and Protection of Computer Systems
                                        Data Compression and Retrieval
                                        Digital Image Processing
                                    </prompt>
                                </if>
                                <if cond="specialization == 'se'">
                                    <prompt>
                                        Agent-Based Development
                                        Agile Development Methodologies
                                        Project Management and Leadership
                                        Video Game Graphics Programming
                                        Operating Systems Security
                                        Logic and Programming
                                    </prompt>
                                </if>
                            </if>
                            <if cond="semester == 'second'">
                                <if cond="specialization == 'cis'">
                                    <prompt>
                                        Cryptography and Computing
                                        Game Programming
                                        Industrial Robotics
                                        Entrepreneurship and Entrepreneurial Management
                                        Informatics Law
                                        Ethics, Informatics, and Information Society
                                        Internship
                                        Bachelor's Thesis
                                    </prompt>
                                </if>
                                <if cond="specialization == 'is'">
                                    <prompt>
                                        Human-Computer Interaction
                                        Cooperative Systems and Content Management
                                        Entrepreneurship and Entrepreneurial Management
                                        Informatics Law
                                        Ethics, Informatics, and Information Society
                                        Internship
                                        Bachelor's Thesis
                                    </prompt>
                                </if>
                                <if cond="specialization == 'ce'">
                                    <prompt>
                                        Integrated Circuits and Printed Circuit Boards
                                        Computer Equipment Maintenance
                                        Control Systems
                                        Fundamentals of Photonics
                                        Telematics Laboratory
                                        Printed Circuit Board Technology
                                        Speech Technologies
                                    </prompt>
                                </if>
                                <if cond="specialization == 'it'">
                                    <prompt>
                                        Digital Signal Processing
                                        Mobile Device Programming
                                        Multiservice Networks
                                        Entrepreneurship and Entrepreneurial Management
                                        Informatics Law
                                        Ethics, Informatics, and Information Society
                                        Internship
                                        Bachelor's Thesis
                                    </prompt>
                                </if>
                                <if cond="specialization == 'se'">
                                    <prompt>
                                        Computer Animation
                                        Entrepreneurship and Entrepreneurial Management
                                        Informatics Law
                                        New Programming Technologies
                                        Parallel Programming
                                        Ethics, Informatics, and Information Society
                                        Internship
                                        Bachelor's Project
                                    </prompt>
                                </if>
                            </if>
                        </if>
                    </if>
                    <!--##### Information about Telecommunications subjects #####-->
                    <if cond="degree=='telecommunications engineering'">  
                      <!-- Telecommunications Engineering - First year -->
                        <if cond="course=='first'">
                            <if cond="semester=='first'">
                                <if cond="specialization=='No'">
                                    <prompt>
                                    Mathematical Analysis
                                    Circuit Analysis
                                    Fundamentals of Informatics
                                    Engineering, Business, and Society
                                    Linear Algebra and Geometry
                                    </prompt>
                                </if>
                            </if>
                        
                            <if cond="semester=='second'">
                                <if cond="specialization=='No'">
                                    <prompt>
                                    Electronic Components and Circuits
                                    Differential Equations and Numerical Calculus
                                    Statistics and Optimization
                                    Physical Fundamentals of Engineering
                                    Linear Systems
                                    </prompt>
                                </if>
                            </if>
                        </if>
                        <!-- Telecommunications Engineering - Second year -->
                        <if cond="course=='second'">
                            <if cond="semester=='first'">
                                <if cond="specialization=='No'">
                                <prompt>
                                    Programming Fundamentals
                                    Telematics Systems
                                    Communication Theory
                                    Wave Transmission
                                </prompt>
                                </if>
                            </if>
                        
                            <if cond="semester=='second'">
                                <if cond="specialization=='No'">
                                <prompt>
                                    Communications I
                                    Analog Electronics
                                    Digital Electronics
                                    Communication Infrastructures and Networks
                                    Digital Signals
                                </prompt>
                                </if>
                            </if>
                        </if>
                        <!-- Telecommunications Engineering - Third year -->
                        <if cond="course=='third'">
                            <if cond="semester=='first'">
                                <if cond="specialization=='No'">
                                <prompt>
                                    Communications II
                                    Power Electronics
                                    Digital Electronic Systems
                                    Switching Systems
                                    Data Transmission and Computer Networks
                                </prompt>
                                </if>
                            </if>
                            
                            <if cond="semester=='second'">
                                <if cond="specialization=='ts'">
                                <prompt>
                                    Antennas and Propagation
                                    Optical Media and Components for Communications
                                    Coding and Storage Systems
                                    Radiocommunication Systems
                                    Digital Signal Processing
                                </prompt>
                                </if>
                                <if cond="specialization=='es'">
                                <prompt>
                                    Radiofrequency Electronic Circuits
                                    Electronic Circuit and Systems Design
                                    Microwave Electronics
                                    Electronic Instrumentation
                                    Power Systems
                                </prompt>
                                </if>
                                <if cond="specialization=='telematics'">
                                <prompt>
                                    Networking Fundamentals
                                    Networked Application Development
                                    Network Management
                                    Wireless and Mobility Networks
                                    Communication Network Security
                                </prompt>
                                </if>
                            </if>
                        </if>    
                        <!-- Telecommunications Engineering - Fourth year -->
                        <if cond="course=='fourth'">
                            <if cond="semester=='first'">
                                <if cond="specialization=='ts'">
                                <prompt>
                                    Wireless Communications
                                    Optical Communications
                                    Digital Television and Radio
                                    Fundamentals of Photonics
                                    Telematics Laboratory
                                    Printed Circuit Board Technology
                                    Speech Technologies
                                </prompt>
                                </if>
                                <if cond="specialization=='es'">
                                <prompt>
                                    Integrated Circuits for Communications
                                    Electronic Equipment
                                    Control Systems
                                    Fundamentals of Photonics
                                    Telematics Laboratory
                                    Printed Circuit Board Technology
                                    Speech Technologies
                                </prompt>
                                </if>
                                <if cond="specialization=='telematics'">
                                <prompt>
                                    Network Design and Sizing
                                    Multimedia Networks
                                    Access and Corporate Networks
                                    Fundamentals of Photonics
                                    Telematics Laboratory
                                    Printed Circuit Board Technology
                                    Speech Technologies
                                </prompt>
                                </if>
                            </if>
                            <if cond="semester=='second'">
                                <if cond="specialization=='No'">
                                <prompt>
                                    Specialized Architectures for Telecommunications
                                    Mathematical Analysis Supplements
                                    Applied Physics for Telecommunications
                                    Digital Video Processing
                                    Embedded and Real-Time Systems Programming
                                    Bachelor's Thesis
                                </prompt>
                                </if>
                            </if>
                        </if>
                    </if>

                    <goto next="#start_over" />
                <else />
                    <prompt> Alright, let's start over. </prompt>
                    <clear namelist="study_plan" />
                    <clear namelist="confirm_data" />
                    <goto next="#study_plan" />
                </if>
            </filled>

        </field>

        <filled>

        </filled>

    </form>


    <form id="start_over">
        <field name="start_over_field" type="boolean">
            <prompt>
                Do you want to inquire about another study plan? Reply "yes" or "no."
            </prompt>
            <!--<grammar
            src="builtin:yesno/yesno.grxml"/>-->
            <filled>
                <if cond="start_over_field">
                    <!-- If the user answers "yes," restart the inquiry -->
                    <prompt>Alright, let's start over.</prompt>
                    <clear namelist="study_plan" />
                    <clear namelist="start_over" />
                    <goto next="#study_plan" />
                    <else />
                    <!-- If the user answers "no," end the interaction -->
                    <prompt>Alright. Have a great day!</prompt>
                    <exit />
                </if>
            </filled>
        </field>
    </form>


</vxml>