<vxml version="2.1" xmlns="http://www.w3.org/2001/06/vxml" xml:lang="es-es">
    <form id="plan_estudios">
        <link event="repetir">
            <grammar src="es_Repetir.jsgf" />
        </link>
        <block>
            <prompt bargein="false">
                Bienvenido al sistema de consulta de plan de estudios de la Escuela Técnica Superior
                de Ingenierías Informática y de Telecomunicación.
            </prompt>
        </block>
        <field name="grado">
            <grammar src="es_Carrera.jsgf" />
            <prompt>
                ¿Qué grado desea consultar, Informática o Telecomunicaciones?
            </prompt>
            <filled> De acuerdo, se va a consultar el grado <value expr="grado" />
            </filled>
        </field>
        <catch event="repetir">
            <prompt>Perdón, ¿el grado <value expr="grado" /> es incorrecto? Repitámoslo.</prompt>
            <clear namelist="grado" />
            <goto nextitem="grado" />
        </catch>
        <field name="curso">
            <grammar src="es_Curso.jsgf" />
            <prompt>
                ¿Qué curso desea consultar?
            </prompt>
            <filled> De acuerdo, se va a consultar el curso <value expr="curso" />
                <if
                    cond="curso == 'primero' || curso == 'primer' || curso == 'segundo'">
                    <assign name="mencion" expr="'No'" />
                </if>
            </filled>
        </field>
        <field name="mencion">
            <grammar src="es_Menciones.jsgf" />
            <prompt>
                Que mencion desea consultar?
            </prompt>
            <filled> De acuerdo, se va a consultar la mencion <value expr="mencion" />
            </filled>

            <catch event="repetir">
                <prompt> Perdon. El curso <value expr="curso" /> es incorrecto? Repitamoslo.</prompt>
                <clear namelist="curso" />
                <goto nextitem="curso" />

            </catch>
        </field>

        <field name="cuatrimestre">
            <grammar src="es_Cuatrimestre.jsgf" />
            <prompt>
                Que cuatrimestre desea consultar?
            </prompt>
            <filled> De acuerdo, se va a consultar el cuatrimestre <value expr="cuatrimestre" />
            </filled>

            <catch event="repetir">

                <if cond="mencion == 'No'">
                    <prompt> Perdon. El curso <value expr="curso" /> es incorrecto? Repitamoslo.</prompt>
                    <clear namelist="curso" />
                    <clear namelist="mencion" />
                    <goto nextitem="curso" />

                    <else />
                    <prompt> Perdon. <value expr="mencion" /> es la mencion incorrecta? Repitamosla.</prompt>
                    <clear namelist="mencion" />
                    <goto nextitem="mencion" />
                </if>

            </catch>
        </field>

        <field name="confirmar_datos">
            <grammar src="mi_si_no.jsgf" />

            <catch event="repetir">
                <prompt> Perdon. El cuatrimestre <value expr="cuatrimestre" /> es incorrecto?
                    Repitamoslo.</prompt>
                <clear namelist="cuatrimestre" />
                <goto nextitem="cuatrimestre" />

            </catch>

            <prompt cond="mencion == 'No'">Quiere saber las asignaturas del grado en <value
                    expr="grado" />, de <value
                    expr="curso" /> del <value expr="cuatrimestre" /> cuatrimestre?</prompt>
            <prompt cond="mencion != 'No'">Quiere saber las asignaturas del grado en <value
                    expr="grado" /> con mencion <value
                    expr="mencion" />, de <value expr="curso" /> del <value expr="cuatrimestre" />
                cuatrimestre?</prompt>


            <filled>
                <if cond="confirmar_datos=='si'">

                    <if cond="grado=='informatica'">
                        <assign name="grado" expr="'ingenieria informatica'" />
                    </if>
                    <if cond="grado=='telecomunicaciones'">
                        <assign name="grado" expr="'ingenieria en telecomunicaciones'" />
                    </if>
                    <if cond="curso=='primero'">
                        <assign name="curso" expr="'primer'" />
                    </if>
                    <if cond="curso=='tercer'">
                        <assign name="curso" expr="'tercero'" />
                    </if>
                    <if cond="mencion=='computacion y sistemas inteligentes'">
                        <assign name="mencion" expr="'csi'" />
                    </if>
                    <if cond="mencion=='ingenieria del software'">
                        <assign name="mencion" expr="'is'" />
                    </if>
                    <if cond="mencion=='ingenieria de computadores'">
                        <assign name="mencion" expr="'ic'" />
                    </if>
                    <if cond="mencion=='sistemas de informacion'">
                        <assign name="mencion" expr="'si'" />
                    </if>
                    <if cond="mencion=='tecnologias de la informacion'">
                        <assign name="mencion" expr="'ti'" />
                    </if>
                    <if cond="mencion=='sistemas de telecomunicacion'">
                        <assign name="mencion" expr="'st'" />
                    </if>
                    <if cond="mencion=='sistemas electronicos'">
                        <assign name="mencion" expr="'se'" />
                    </if>
                    <if cond="cuatrimestre=='primero'">
                        <assign name="cuatrimestre" expr="'primer'" />
                    </if>
                    <if cond="cuatrimestre=='uno'">
                        <assign name="cuatrimestre" expr="'primer'" />
                    </if>
                    <if cond="cuatrimestre=='dos'">
                        <assign name="cuatrimestre" expr="'segundo'" />
                    </if>


                    <if cond="grado=='ingenieria informatica'">
                        <!-- Ingenieria Informatica - Primer curso -->
                        <if cond="curso == 'primer'">
                            <if cond="cuatrimestre == 'primer'">
                                <if cond="mencion == 'No'">
                                    <prompt bargein="false">
                                        Calculo
                                        Fundamentos Fisicos y Tecnologicos
                                        Fundamentos de Programacion
                                        Fundamentos del Software
                                        Algebra Lineal y Estructuras Matematicas
                                    </prompt>
                                </if>
                            </if>
                            <if cond="cuatrimestre == 'segundo'">
                                <if cond="mencion == 'No'">
                                    <prompt bargein="false">
                                        Estadistica
                                        Ingenieria, Empresa y Sociedad
                                        Logica y Metodos Discretos
                                        Metodologia de la Programacion
                                        Tecnologia y Organizacion de Computadores
                                    </prompt>
                                </if>
                            </if>
                        </if>

                        <!-- Ingenieria Informatica - Segundo curso -->
                        <if cond="curso == 'segundo'">
                            <if cond="cuatrimestre == 'primer'">
                                <if cond="mencion == 'No'">
                                    <prompt bargein="false">
                                        Estructura de Computadores
                                        Estructura de Datos
                                        Programacion y Diseño Orientado a Objetos
                                        Sistemas Concurrentes y Distribuidos
                                        Sistemas Operativos
                                    </prompt>
                                </if>
                            </if>
                            <if cond="cuatrimestre == 'segundo'">
                                <if cond="mencion == 'No'">
                                    <prompt bargein="false">
                                        Algoritmica
                                        Arquitectura de Computadores
                                        Fundamentos de Bases de Datos
                                        Fundamentos de Ingenieria del Software
                                        Inteligencia Artificial
                                    </prompt>
                                </if>
                            </if>
                        </if>

                        <!-- Ingenieria Informatica - Tercer curso -->
                        <if cond="curso == 'tercero'">
                            <if cond="cuatrimestre == 'primer'">
                                <prompt bargein="false">
                                    Diseño y Desarrollo de Sistemas de Informacion
                                    Fundamentos de Redes
                                    Informatica Grafica
                                    Ingenieria de Servidores
                                    Modelos de Computacion
                                </prompt>
                            </if>
                            <if cond="cuatrimestre == 'segundo'">
                                <if cond="mencion == 'csi'">
                                    <prompt bargein="false">
                                        Aprendizaje Automatico
                                        Ingenieria del Conocimiento
                                        Metaheuristicas
                                        Modelos Avanzados de Computacion
                                        Tecnicas de los Sistemas Inteligentes
                                    </prompt>
                                </if>
                                <if cond="mencion == 'si'">
                                    <prompt bargein="false">
                                        Administracion de Bases de Datos
                                        Ingenieria de Sistemas de Informacion
                                        Programacion Web
                                        Sistemas Multidimensionales
                                        Sistemas de Informacion de Empresas
                                    </prompt>
                                </if>
                                <if cond="mencion == 'ic'">
                                    <prompt bargein="false">
                                        Arquitectura de Sistemas
                                        Arquitectura y Computacion de Altas Prestaciones
                                        Desarrollo de Hardware Digital
                                        Diseño de Sistemas Electronicos
                                        Sistemas con Microprocesadores
                                    </prompt>
                                </if>
                                <if cond="mencion == 'ti'">
                                    <prompt bargein="false">
                                        Computacion Ubicua e Inteligencia Ambiental
                                        Servidores Web de Altas Prestaciones
                                        Sistemas Multimedia
                                        Tecnologias Web
                                        Transmision de Datos y Redes de Computadores
                                    </prompt>
                                </if>
                                <if cond="mencion == 'is'">
                                    <prompt bargein="false">
                                        Desarrollo de Sistemas Distribuidos
                                        Desarrollo de Software
                                        Diseño de Interfaces de Usuario
                                        Sistemas Graficos
                                        Sistemas de Informacion Basados en Web
                                    </prompt>
                                </if>
                            </if>
                        </if>
                        <!-- Ingenieria Informatica - Cuarto curso -->
                        <if cond="curso == 'cuarto'">
                            <if cond="cuatrimestre == 'primer'">
                                <if cond="mencion == 'csi'">
                                    <prompt bargein="false">
                                        Nuevos Paradigmas de Interaccion
                                        Procesadores de Lenguajes
                                        Simulacion de Sistemas
                                        Teoria de la Informacion y la Codificacion
                                        Vision por Computador
                                    </prompt>
                                </if>
                                <if cond="mencion == 'si'">
                                    <prompt bargein="false">
                                        Bases de Datos Distribuidas
                                        Inteligencia de Negocio
                                        Recuperacion de Informacion
                                        Gestion de Recursos Digitales
                                        Redes y Sistemas Complejos
                                        Sistemas de Informacion Geograficos
                                    </prompt>
                                </if>
                                <if cond="mencion == 'ic'">
                                    <prompt bargein="false">
                                        Centros de Procesamiento de Datos
                                        Sistemas Empotrados
                                        Tecnologias de Red
                                        Informatica Industrial
                                        Tecnologias Emergentes
                                    </prompt>
                                </if>
                                <if cond="mencion == 'ti'">
                                    <prompt bargein="false">
                                        Desarrollo de Aplicaciones para Internet
                                        Infraestructura Virtual
                                        Seguridad y Proteccion de Sistemas Informaticos
                                        Compresion y Recuperacion de Informacion
                                        Tratamiento de Imagenes Digitales
                                    </prompt>
                                </if>
                                <if cond="mencion == 'is'">
                                    <prompt bargein="false">
                                        Desarrollo Basado en Agentes
                                        Metodologias de Desarrollo agil
                                        Direccion y Gestion de Proyectos
                                        Programacion Grafica de Videojuegos
                                        Seguridad en Sistemas Operativos
                                        Logica y Programacion
                                    </prompt>
                                </if>
                            </if>
                            <if cond="cuatrimestre == 'segundo'">
                                <if cond="mencion == 'csi'">
                                    <prompt bargein="false">
                                        Criptografia y Computacion
                                        Programacion Ludica
                                        Robotica Industrial
                                        Creacion de Empresas y Gestion Emprendedora
                                        Derecho Informatico
                                        Etica, Informatica y Sociedad de la Informacion
                                        Practicas de Empresa
                                        Trabajo Fin de Grado
                                    </prompt>
                                </if>
                                <if cond="mencion == 'si'">
                                    <prompt bargein="false">
                                        Perifericos y Dispositivos de Interfaz Humana
                                        Sistemas Cooperativos y Gestion de Contenidos
                                        Creacion de Empresas y Gestion Emprendedora
                                        Derecho Informatico
                                        Etica Informatica y Sociedad de la Informacion
                                        Practicas de Empresa
                                        Trabajo Fin de Grado
                                    </prompt>
                                </if>
                                <if cond="mencion == 'ic'">
                                    <prompt bargein="false">
                                        Circuitos Integrados e Impresos
                                        Mantenimiento de Equipos Informaticos
                                        Creacion de Empresas y Gestion Emprendedora
                                        Derecho Informatico
                                        Etica Informatica y Sociedad de la Informacion
                                        Practicas de Empresa
                                        Trabajo Fin de Grado
                                    </prompt>
                                </if>
                                <if cond="mencion == 'ti'">
                                    <prompt bargein="false">
                                        Procesamiento Digital de Señales
                                        Programacion de Dispositivos Moviles
                                        Redes Multiservicio
                                        Creacion de Empresas y Gestion Emprendedora
                                        Derecho Informatico
                                        Etica Informatica y Sociedad de la Informacion
                                        Practicas de Empresa
                                        Trabajo Fin de Grado
                                    </prompt >
                                </if>
                                <if cond="mencion == 'is'">
                                    <prompt bargein="false">
                                        Animacion por Ordenador
                                        Creacion de Empresas y Gestion Emprendedora
                                        Derecho Informatico
                                        Nuevas Tecnologias de la Programacion
                                        Programacion Paralela
                                        Etica Informatica y Sociedad de la Informacion
                                        Practicas de Empresa
                                        Proyecto Fin de Grado
                                    </prompt>
                                </if>
                            </if>
                        </if>
                    </if>
                    <!--#####
                    Informacion sobre las asignaturas de Telecomunicaciones #####-->
                    <if cond="grado=='ingenieria en telecomunicaciones'">
                        <!-- Ingenieria en Telecomunicaciones - Primer curso -->
                        <if cond="curso=='primer'">
                            <if cond="cuatrimestre=='primer'">
                                <if cond="mencion=='No'">
                                    <prompt bargein="false">
                                        Analisis Matematico
                                        Analisis de Circuitos
                                        Fundamentos de Informatica
                                        Ingenieria, Empresa y Sociedad
                                        algebra Lineal y Geometria
                                    </prompt>
                                </if>
                            </if>

                            <if cond="cuatrimestre=='segundo'">
                                <if cond="mencion=='No'">
                                    <prompt bargein="false">
                                        Componentes y Circuitos Electronicos
                                        Ecuaciones Diferenciales y Calculo Numerico
                                        Estadistica y Optimizacion
                                        Fundamentos Fisicos de la Ingenieria
                                        Sistemas Lineales
                                    </prompt>
                                </if>
                            </if>
                        </if>
                        <!-- Ingenieria en Telecomunicaciones - Segundo curso -->
                        <if cond="curso=='segundo'">
                            <if cond="cuatrimestre=='primer'">
                                <if cond="mencion=='No'">
                                    <prompt bargein="false">
                                        Fundamentos de Programacion
                                        Sistemas Telematicos
                                        Teoria de la Comunicacion
                                        Transmision de Ondas
                                    </prompt>
                                </if>
                            </if>

                            <if cond="cuatrimestre=='segundo'">
                                <if cond="mencion=='No'">
                                    <prompt bargein="false">
                                        Comunicaciones I
                                        Electronica Analogica
                                        Electronica Digital
                                        Infraestructuras y Redes de Comunicacion
                                        Señales Digitales
                                    </prompt>
                                </if>
                            </if>
                        </if>
                        <!-- Ingenieria en Telecomunicaciones - Tercer curso -->
                        <if cond="curso=='tercero'">
                            <if cond="cuatrimestre=='primer'">
                                <prompt bargein="false">
                                    Comunicaciones II
                                    Electronica de Potencia
                                    Sistemas Electronicos Digitales
                                    Sistemas de Conmutacion
                                    Transmision de Datos y Redes de Computadores
                                </prompt>
                            </if>

                            <if cond="cuatrimestre=='segundo'">
                                <if cond="mencion=='st'">
                                    <prompt bargein="false">
                                        Antenas y Propagacion
                                        Medios y Componentes opticos para Comunicaciones
                                        Sistemas de Codificacion y Almacenamiento
                                        Sistemas de Radiocomunicacion
                                        Tratamiento Digital de Señales
                                    </prompt>
                                </if>
                                <if cond="mencion=='se'">
                                    <prompt bargein="false">
                                        Circuitos Electronicos para Radiofrecuencia
                                        Diseño de Circuitos y Sistemas Electronicos
                                        Electronica de Microondas
                                        Instrumentacion Electronica
                                        Sistemas de Alimentacion
                                    </prompt>
                                </if>
                                <if cond="mencion=='telematica'">
                                    <prompt bargein="false">
                                        Complementos de Programacion
                                        Desarrollo de Aplicaciones en Red
                                        Gestion de Redes
                                        Redes Inalambricas y Movilidad
                                        Seguridad en Redes de Comunicacion
                                    </prompt>
                                </if>
                            </if>
                        </if>
                        <!-- Ingenieria en Telecomunicaciones - Cuarto curso -->
                        <if cond="curso=='cuarto'">
                            <if cond="cuatrimestre=='primer'">
                                <if cond="mencion=='st'">
                                    <prompt bargein="false">
                                        Comunicaciones Inalambricas
                                        Comunicaciones opticas
                                        Television y Radio Digital
                                        Fundamentos de la Fotonica
                                        Laboratorio de Telematica
                                        Tecnologia de Circuitos Impresos
                                        Tecnologias del Habla
                                    </prompt>
                                </if>
                                <if cond="mencion=='se'">
                                    <prompt bargein="false">
                                        Circuitos Integrados para Comunicaciones
                                        Equipos Electronicos
                                        Sistemas de Control
                                        Fundamentos de la Fotonica
                                        Laboratorio de Telematica
                                        Tecnologia de Circuitos Impresos
                                        Tecnologias del Habla
                                    </prompt>
                                </if>
                                <if cond="mencion=='telematica'">
                                    <prompt bargein="false">
                                        Diseño y Dimensionado de Redes
                                        Redes Multimedia
                                        Redes de Acceso y Corporativas
                                        Fundamentos de la Fotonica
                                        Laboratorio de Telematica
                                        Tecnologia de Circuitos Impresos
                                        Tecnologias del Habla
                                    </prompt>
                                </if>
                            </if>
                            <if cond="cuatrimestre=='segundo'">
                                <prompt bargein="false">
                                    Arquitecturas Especializadas para Telecomunicaciones
                                    Complementos de Analisis Matematico
                                    Fisica Aplicada a las Telecomunicaciones
                                    Procesamiento de Video Digital
                                    Programacion de Sistemas Empotrados y de Tiempo Real
                                    Trabajo Fin de Grado
                                </prompt>
                            </if>
                        </if>
                    </if>

                    <goto next="#volver_a_empezar" />
                    <else />
                    <prompt> De acuerdo, volvamos al principio. </prompt>
                    <clear namelist="plan_estudios" />
                    <clear namelist="confirmar_datos" />
                    <goto next="#plan_estudios" />
                </if>
            </filled>

        </field>

    </form>
    <form id="volver_a_empezar">
        <field name="volver_a_empezar_field">
            <grammar src="mi_si_no.jsgf" />
            <prompt>
                ¿Desea consultar otro plan de estudios? Responda "si" o "no".
            </prompt>
            <filled>
                <if cond="volver_a_empezar_field == 'si'">
                    <prompt>De acuerdo, volvamos al principio.</prompt>
                    <clear namelist="plan_estudios volver_a_empezar" />
                    <goto next="#plan_estudios" />
                </if>
                <else />
                <prompt>De acuerdo. ¡Que tenga un buen día!</prompt>
                <exit />
            </filled>
        </field>
    </form>
</vxml>