<vxml version="2.1" xmlns="http://www.w3.org/2001/06/vxml" xml:lang="fr-fr">
    <form id="plan_estudios">
        <link event="repetir">
            <grammar src="fr_Repetir.jsgf" />
        </link>
        <block>
            <prompt bargein="false">
                Bienvenue dans le systeme de consultation du plan detudes de lecole Technique Superieure dInformatique et de Telecommunication.
            </prompt>
        </block>
        <field name="grado">
            <grammar src="fr_Carrera.jsgf" />
            <prompt>
                Quel programme souhaitez-vous consulter, Informatique ou Telecommunications ?
            </prompt>
            <filled> daccord, nous allons consulter le programme <value expr="grado" />
            </filled>
        </field>
        <catch event="repetir">
            <prompt>Desole, le programme <value expr="grado" /> est incorrect. Repetons.</prompt>
            <clear namelist="grado" />
            <goto nextitem="grado" />
        </catch>
        <field name="curso">
            <grammar src="fr_Curso.jsgf" />
            <prompt>
                Quel cours souhaitez-vous consulter ?
            </prompt>
            <filled> daccord, nous allons consulter le cours <value expr="curso" />
                <if
                    cond="curso == 'premier' || curso=='premiere' || curso == 'deuxieme' || curso == 'un' || curso == 'une' || curso == 'deux'">
                    <assign name="mencion" expr="'Non'" />
                </if>
            </filled>
        </field>
        <field name="mencion">
            <grammar src="fr_Menciones.jsgf" />
            <prompt>
                Quelle mention souhaitez-vous consulter ?
            </prompt>
            <filled> daccord, nous allons consulter la mention <value expr="mencion" />
            </filled>

            <catch event="repetir">
                <prompt> Pardon. Le cours <value expr="curso" /> est incorrect ? Repetons.</prompt>
                <clear namelist="curso" />
                <goto nextitem="curso" />

            </catch>
        </field>

        <field name="cuatrimestre">
            <grammar src="fr_Cuatrimestre.jsgf" />
            <prompt>
                Quel semestre souhaitez-vous consulter ?
            </prompt>
            <filled> daccord, nous allons consulter le semestre <value expr="cuatrimestre" />
            </filled>

            <catch event="repetir">

                <if cond="mencion == 'Non'">
                    <prompt> Pardon. Le cours <value expr="curso" /> est incorrect ? Repetons.</prompt>
                    <clear namelist="curso" />
                    <clear namelist="mencion" />
                    <goto nextitem="curso" />

                <else />
                    <prompt> Pardon. <value expr="mencion" /> est la mention incorrecte ? Repetons-la.</prompt>
                    <clear namelist="mencion" />
                    <goto nextitem="mencion" />
                </if>

            </catch>
        </field>

        <field name="confirmar_datos">
            <grammar src="mi_oui_non.jsgf" />

            <catch event="repetir">
                <prompt> Pardon. Le semestre <value expr="cuatrimestre" /> est incorrect ? Repetons.</prompt>
                <clear namelist="cuatrimestre" />
                <goto nextitem="cuatrimestre" />

            </catch>

            <prompt cond="mencion == 'Non'">Souhaitez-vous connaître les matieres du programme en <value
                    expr="grado" />, du <value
                    expr="curso" /> du semestre <value expr="cuatrimestre" /> ?</prompt>
            <prompt cond="mencion != 'Non'">Souhaitez-vous connaître les matieres du programme en <value
                    expr="grado" /> avec la mention <value
                    expr="mencion" />, du <value expr="curso" /> du semestre <value expr="cuatrimestre" />
                ?</prompt>

            <filled>
                <if cond="confirmar_datos=='oui'">

                    <if cond="grado=='informatique'">
                        <assign name="grado" expr="'ingenierie informatique'" />
                    </if>
                    <if cond="grado=='genie informatique'">
                        <assign name="grado" expr="'ingenierie informatique'" />
                    </if>
                    <if cond="grado=='telecommunications'">
                        <assign name="grado" expr="'ingenierie en telecommunications'" />
                    </if>
                    <if cond="curso=='premiere'">
                        <assign name="curso" expr="'premier'" />
                    </if>
                    <if cond="mencion=='calcul et systemes intelligents'">
                        <assign name="mencion" expr="'csi'" />
                    </if>
                    <if cond="mencion=='ingenierie du software'">
                        <assign name="mencion" expr="'is'" />
                    </if>
                    <if cond="mencion=='ingenierie des ordinateurs'">
                        <assign name="mencion" expr="'io'" />
                    </if>
                    <if cond="mencion=='systemes dinformation'">
                        <assign name="mencion" expr="'si'" />
                    </if>
                    <if cond="mencion=='technologies de linformation'">
                        <assign name="mencion" expr="'ti'" />
                    </if>
                    <if cond="mencion=='systemes de telecommunication'">
                        <assign name="mencion" expr="'st'" />
                    </if>
                    <if cond="mencion=='systemes electroniques'">
                        <assign name="mencion" expr="'se'" />
                    </if>
                    <if cond="cuatrimestre=='premiere'">
                        <assign name="cuatrimestre" expr="'premier'" />
                    </if>
                    <if cond="cuatrimestre=='un'">
                        <assign name="cuatrimestre" expr="'premier'" />
                    </if>
                    <if cond="cuatrimestre=='une'">
                        <assign name="cuatrimestre" expr="'premier'" />
                    </if>
                    <if cond="cuatrimestre=='deux'">
                        <assign name="cuatrimestre" expr="'deuxieme'" />
                    </if>
                    <if cond="curso=='un'">
                        <assign name="curso" expr="'premier'" />
                    </if>
                    <if cond="curso=='une'">
                        <assign name="curso" expr="'premier'" />
                    </if>
                    <if cond="curso=='deux'">
                        <assign name="curso" expr="'deuxieme'" />
                    </if>
                    <if cond="curso=='trois'">
                        <assign name="curso" expr="'troisieme'" />
                    </if>
                    <if cond="curso=='quatre'">
                        <assign name="curso" expr="'quatrieme'" />
                    </if>


                    <if cond="grado=='ingenierie informatique'">
                        <!-- Ingenierie Informatique - Premiere annee -->
                        <if cond="curso == 'premier'">
                            <if cond="cuatrimestre == 'premier'">
                                <if cond="mencion == 'Non'">
                                    <prompt bargein="false">
                                        Calcul
                                        Fondements Physiques et Technologiques
                                        Fondements de la Programmation
                                        Fondements du Logiciel
                                        Algebre Lineaire et Structures Mathematiques
                                    </prompt>
                                </if>
                            </if>
                            <if cond="cuatrimestre == 'deuxieme'">
                                <if cond="mencion == 'Non'">
                                    <prompt bargein="false">
                                        Statistiques
                                        Ingenierie, Entreprise et Societe
                                        Logique et Methodes Discretes
                                        Methodologie de la Programmation
                                        Technologie et Organisation des Ordinateurs
                                    </prompt>
                                </if>
                            </if>
                        </if>

                        <!-- Ingenierie Informatique - Deuxieme annee -->
                        <if cond="curso == 'deuxieme'">
                            <if cond="cuatrimestre == 'premier'">
                                <if cond="mencion == 'Non'">
                                    <prompt bargein="false">
                                        Architecture des Ordinateurs
                                        Structures de Donnees
                                        Programmation et Conception Orientee Objet
                                        Systemes Concurrents et Distribues
                                        Systemes dExploitation
                                    </prompt>
                                </if>
                            </if>
                            <if cond="cuatrimestre == 'deuxieme'">
                                <if cond="mencion == 'Non'">
                                    <prompt bargein="false">
                                        Algorithmique
                                        Architecture des Ordinateurs
                                        Fondements des Bases de Donnees
                                        Fondements du Genie Logiciel
                                        Intelligence Artificielle
                                    </prompt>
                                </if>
                            </if>
                        </if>

                        <!-- Ingenierie Informatique - Troisieme annee -->
                        <if cond="curso == 'troisieme'">
                            <if cond="cuatrimestre == 'premier'">
                                <prompt bargein="false">
                                    Conception et Developpement de Systemes dInformation
                                    Fondements des Reseaux
                                    Informatique Graphique
                                    Ingenierie des Serveurs
                                    Modeles Informatiques
                                </prompt>
                            </if>
                            <if cond="cuatrimestre == 'deuxieme'">
                                <if cond="mencion == 'csi'">
                                    <prompt bargein="false">
                                        Apprentissage Automatique
                                        Ingenierie de la Connaissance
                                        Metaheuristiques
                                        Modeles Avances en Informatique
                                        Techniques des Systemes Intelligents
                                    </prompt>
                                </if>
                                <if cond="mencion == 'si'">
                                    <prompt bargein="false">
                                        Administration de Bases de Donnees
                                        Ingenierie des Systemes dInformation
                                        Programmation Web
                                        Systemes Multidimensionnels
                                        Systemes dInformation dEntreprise
                                    </prompt>
                                </if>
                                <if cond="mencion == 'io'">
                                    <prompt bargein="false">
                                        Architecture des Systemes
                                        Architecture et Calcul a Haute Performance
                                        Developpement de Materiel Informatique
                                        Conception de Systemes electroniques
                                        Systemes avec Microprocesseurs
                                    </prompt>
                                </if>
                                <if cond="mencion == 'ti'">
                                    <prompt bargein="false">
                                        Informatique Ubiquitaire et Intelligence Ambiante
                                        Serveurs Web a Haute Performance
                                        Systemes Multimedias
                                        Technologies Web
                                        Transmission de Donnees et Reseaux dOrdinateurs
                                    </prompt>
                                </if>
                                <if cond="mencion == 'is'">
                                    <prompt bargein="false">
                                        Developpement de Systemes Distribues
                                        Developpement de Logiciels
                                        Conception dInterfaces Utilisateur
                                        Systemes Graphiques
                                        Systemes dInformation Bases sur le Web
                                    </prompt>
                                </if>
                            </if>
                        </if>
                        <!-- Ingenierie Informatique - Quatrieme annee -->
                        <if cond="curso == 'quatrieme'">
                            <if cond="cuatrimestre == 'premier'">
                                <if cond="mencion == 'csi'">
                                    <prompt bargein="false">
                                        Nouveaux Paradigmes dInteraction
                                        Processeurs de Langage
                                        Simulation de Systemes
                                        Theorie de lInformation et de la Codification
                                        Vision par Ordinateur
                                    </prompt>
                                </if>
                                <if cond="cuatrimestre == 'deuxieme'">
                                    <if cond="mencion == 'csi'">
                                        <prompt bargein="false">
                                            Cryptographie et Informatique
                                            Programmation Ludique
                                            Robotique Industrielle
                                            Creation dEntreprises et Gestion Entrepreneuriale
                                            Droit de lInformatique
                                            ethique, Informatique et Societe de lInformation
                                            Stages en Entreprise
                                            Travail de Fin detudes
                                        </prompt>
                                    </if>
                                </if>
                                <if cond="mencion == 'si'">
                                    <prompt bargein="false">
                                        Peripheriques et Dispositifs dInterface Humaine
                                        Systemes Cooperatifs et Gestion de Contenu
                                        Creation dEntreprises et Gestion Entrepreneuriale
                                        Droit de lInformatique
                                        ethique Informatique et Societe de lInformation
                                        Stages en Entreprise
                                        Travail de Fin detudes
                                    </prompt>
                                </if>
                                <if cond="mencion == 'io'">
                                    <prompt bargein="false">
                                        Circuits Integres et Imprimes
                                        Maintenance dequipements Informatiques
                                        Creation dEntreprises et Gestion Entrepreneuriale
                                        Droit de lInformatique
                                        ethique Informatique et Societe de lInformation
                                        Stages en Entreprise
                                        Travail de Fin detudes
                                    </prompt>
                                </if>
                                <if cond="mencion == 'ti'">
                                    <prompt bargein="false">
                                        Traitement Numerique des Signaux
                                        Programmation de Dispositifs Mobiles
                                        Reseaux Multiservices
                                        Creation dEntreprises et Gestion Entrepreneuriale
                                        Droit de lInformatique
                                        ethique Informatique et Societe de lInformation
                                        Stages en Entreprise
                                        Travail de Fin detudes
                                    </prompt>
                                </if>
                                <if cond="mencion == 'is'">
                                    <prompt bargein="false">
                                        Animation par Ordinateur
                                        Creation dEntreprises et Gestion Entrepreneuriale
                                        Droit de lInformatique
                                        Nouvelles Technologies de la Programmation
                                        Programmation Parallele
                                        ethique Informatique et Societe de lInformation
                                        Stages en Entreprise
                                        Projet de Fin detudes
                                    </prompt>
                                </if>
                            </if>
                        </if>
                    </if>
                    <!--#####
                    Informations sur les matieres en telecommunications #####-->
                    <if cond="grado=='ingenierie en telecommunications'">
                        <!-- Ingenierie en Telecommunications - Premiere annee -->
                        <if cond="curso=='premier'">
                            <if cond="cuatrimestre=='premier'">
                                <if cond="mencion=='Non'">
                                    <prompt bargein="false">
                                        Analyse Mathematique
                                        Analyse des Circuits
                                        Fondements de lInformatique
                                        Ingenierie, Entreprise et Societe
                                        Algebre Lineaire et Geometrie
                                    </prompt>
                                </if>
                            </if>

                            <if cond="cuatrimestre=='deuxieme'">
                                <if cond="mencion=='Non'">
                                    <prompt bargein="false">
                                        Composants et Circuits electroniques
                                        equations Differentielles et Calcul Numerique
                                        Statistiques et Optimisation
                                        Fondements Physiques de lIngenierie
                                        Systemes Lineaires
                                    </prompt>
                                </if>
                            </if>
                        </if>
                        <!-- Ingenierie en Telecommunications - Deuxieme annee -->
                        <if cond="curso=='deuxieme'">
                            <if cond="cuatrimestre=='premier'">
                                <if cond="mencion=='Non'">
                                    <prompt bargein="false">
                                        Fondements de la Programmation
                                        Systemes Telematiques
                                        Theorie de la Communication
                                        Transmission des Ondes
                                    </prompt>
                                </if>
                            </if>

                            <if cond="cuatrimestre=='deuxieme'">
                                <if cond="mencion=='Non'">
                                    <prompt bargein="false">
                                        Communications I
                                        electronique Analogique
                                        electronique Numerique
                                        Infrastructures et Reseaux de Communication
                                        Signaux Numeriques
                                    </prompt>
                                </if>
                            </if>
                        </if>
                        <!-- Ingenierie en Telecommunications - Troisieme annee -->
                        <if cond="curso=='troisieme'">
                            <if cond="cuatrimestre=='premier'">
                                <prompt bargein="false">
                                    Communications II
                                    electronique de Puissance
                                    Systemes electroniques Numeriques
                                    Systemes de Commutation
                                    Transmission de Donnees et Reseaux dInformatique
                                </prompt>
                            </if>

                            <if cond="cuatrimestre=='deuxieme'">
                                <if cond="mencion=='st'">
                                    <prompt bargein="false">
                                        Antennes et Propagation
                                        Supports et Composants Optiques pour les Communications
                                        Systemes de Codage et de Stockage
                                        Systemes de Radiocommunication
                                        Traitement Numerique des Signaux
                                    </prompt>
                                </if>
                                <if cond="mencion=='se'">
                                    <prompt bargein="false">
                                        Circuits electroniques pour Radiofrequence
                                        Conception de Circuits et de Systemes electroniques
                                        electronique des Micro-ondes
                                        Instrumentation electronique
                                        Systemes dAlimentation
                                    </prompt>
                                </if>
                                <if cond="mencion=='telemathique'">
                                    <prompt bargein="false">
                                        Complements de Programmation
                                        Developpement dApplications en Reseau
                                        Gestion des Reseaux
                                        Reseaux sans Fil et Mobilite
                                        Securite des Reseaux de Communication
                                    </prompt>
                                </if>
                            </if>
                        </if>
                        <!-- Ingenierie en Telecommunications - Quatrieme annee -->
                        <if cond="curso=='quatrieme'">
                            <if cond="cuatrimestre=='premier'">
                                <if cond="mencion=='st'">
                                    <prompt bargein="false">
                                        Communications sans Fil
                                        Communications Optiques
                                        Television et Radio Numerique
                                        Fondements de la Photonique
                                        Laboratoire de Telematique
                                        Technologie des Circuits Imprimes
                                        Technologies de la Parole
                                    </prompt>
                                </if>
                                <if cond="mencion=='se'">
                                    <prompt bargein="false">
                                        Circuits Integres pour les Communications
                                        equipements electroniques
                                        Systemes de Contrôle
                                        Fondements de la Photonique
                                        Laboratoire de Telematique
                                        Technologie des Circuits Imprimes
                                        Technologies de la Parole
                                    </prompt>
                                </if>
                                <if cond="mencion=='telemathique'">
                                    <prompt bargein="false">
                                        Conception et Dimensionnement de Reseaux
                                        Reseaux Multimedias
                                        Reseaux dAcces et dEntreprise
                                        Fondements de la Photonique
                                        Laboratoire de Telematique
                                        Technologie des Circuits Imprimes
                                        Technologies de la Parole
                                    </prompt>
                                </if>
                            </if>
                            <if cond="cuatrimestre=='deuxieme'">
                                <prompt bargein="false">
                                    Architectures Specialisees pour les Telecommunications
                                    Complements dAnalyse Mathematique
                                    Physique Appliquee aux Telecommunications
                                    Traitement Video Numerique
                                    Programmation des Systemes Embarques et en Temps Reel
                                    Travaux de Fin detudes
                                </prompt>
                            </if>
                        </if>
                    </if>

                    <goto next="#volver_a_empezar" />
                    <else />
                    <prompt>daccord, revenons au debut.</prompt>
                    <clear namelist="plan_estudios" />
                    <clear namelist="confirmar_datos" />
                    <goto next="#plan_estudios" />
                </if>
            </filled>

        </field>

    </form>
    <form id="volver_a_empezar">
        <field name="volver_a_empezar_field">
            <grammar src="mi_oui_non.jsgf" />
            <prompt>
                Souhaitez-vous consulter un autre plan detudes ? Repondez "oui" ou "non".
            </prompt>
            <filled>
                <if cond="volver_a_empezar_field == 'oui'">
                    <prompt>daccord, revenons au debut.</prompt>
                    <clear namelist="plan_estudios volver_a_empezar" />
                    <goto next="#plan_estudios" />
                </if>
                <else />
                <prompt>daccord. Passez une bonne journee !</prompt>
                <exit />
            </filled>
        </field>
    </form>
</vxml>